model,hidden_dim,dropout,lr,val_accuracy,normal_f1,hatespeech_f1,offensive_f1,macro_f1
BiLSTM,128,0.5,0.001,0.6246276067527309,0.6907545164718385,0.6716899892357373,0.42321822189566494,0.5952209092010802
