hidden,dropout,lr,batch_size,macro_f1
64,0.3,0.001,32,0.5724158905823656
64,0.3,0.001,64,0.5650095501244703
128,0.3,0.001,32,0.5492386899682735
128,0.3,0.001,64,0.559073494244695
